{
	"widgetId": "widget_x",
	"config": {
		"layouts": {
			"layout_32": {
					"type": "FIXED",
					"content": {
							"2": {
									"type": "WIDGET",
									"bbox": {
											"left": "36px",
											"top": "50%",
											"width": "352px",
											"height": "100.00%",
											"right": "24px",
											"bottom": "0.00%"
									},
									"widgetId": "widget_31",
									"setting": {
											"lockParent": true,
											"hCenter": false,
											"vCenter": true,
											"autoProps": {
													"width": true,
													"height": false,
													"top": false,
													"bottom": true
											}
									},
									"isPending": false
							},
							"3": {
									"type": "WIDGET",
									"bbox": {
											"left": "10px",
											"top": "50%",
											"width": "22.00px",
											"height": "22px",
											"right": "0.00%",
											"bottom": "18.75%"
									},
									"widgetId": "widget_32",
									"setting": {
											"lockParent": true,
											"autoProps": {
													"height": "CUSTOM",
													"width": "CUSTOM",
													"top": false,
													"bottom": true
											},
											"vCenter": true,
											"heightMode": "ratio",
											"aspectRatio": 1
									}
							}
					},
					"order": [
							"2",
							"3"
					],
					"label": "Regular"
			}
		},
		"widgets": {
      "widget_x": {
					"uri": "widgets/common/list/",
					"config": {
							"maxItems": 100,
							"space": 10,
							"verticalSpace": 10,
							"horizontalSpace": 10,
							"itemsPerPage": 10,
							"isItemStyleConfirm": false,
							"isInitialed": false,
							"pageStyle": "SCROLL",
							"itemStyle": "STYLE6",
							"hoverType": "HOVER0",
							"selectedStyle": "STYLE0",
							"differentOddEven": false,
							"scrollBarOpen": true,
							"direction": "VERTICAL",
							"alignType": "CENTER",
							"scrollStep": 2,
							"cardConfigs": {
									"REGULAR": {
											"cardSize": {
													"LARGE": {
															"width": 360,
															"height": 32
													}
											},
											"enable": true,
											"backgroundStyle": {
													"border": {
															"type": "solid",
															"color": "var(--light-400)",
															"width": "1px"
													}
											},
											"listLayout": "Custom"
									},
									"HOVER": {
											"cardSize": {
													"LARGE": {
															"width": 360,
															"height": 32
													}
											},
											"enable": false,
											"backgroundStyle": {
													"border": {
															"type": "solid",
															"color": "var(--light-400)",
															"width": "1px"
													}
											},
											"listLayout": "Auto"
									},
									"SELECTED": {
											"cardSize": {
													"LARGE": {
															"width": 360,
															"height": 32
													}
											},
											"backgroundStyle": {
													"border": {
															"type": "solid",
															"color": "var(--primary-500)",
															"width": "1px"
													}
											},
											"selectionMode": "SINGLE",
											"listLayout": "Auto"
									}
							},
							"style": {
									"id": "default"
							},
							"isCheckEmptyTemplate": false,
							"searchFields": null,
							"filters": null,
							"sorts": null,
							"isShowAutoRefresh": false,
							"layoutType": "ROW",
							"keepAspectRatio": false
					},
					"layouts": {
							"REGULAR": {
									"LARGE": "layout_32"
							},
							"SELECTED": { },
							"HOVER": { }
					}
			},
			"widget_31": {
					"uri": "widgets/common/text/",
					"config": {
							"text": "",
							"placeholder": "<p><span style=\"font-size: 13px;color: var(--dark-800);\">Lorem ipsum dolor sit amet</span></p>",
							"style": {
									"verticalAlign": "start",
									"wrap": true,
									"overflow": "scroll",
									"padding": "p-1"
							}
					}
			},
			"widget_32": {
					"uri": "widgets/common/image/",
					"config": {
							"functionConfig": {
									"altText": "",
									"toolTip": "",
									"linkParam": { },
									"scale": "Fit",
									"imageParam": {
											"cropParam": {
													"cropShape": "circle",
													"svgPath": "M28 14c0 7.732-6.268 14-14 14S0 21.732 0 14 6.268 0 14 0s14 6.268 14 14z",
													"svgViewBox": "0 0 28 28"
											}
									}
							},
							"styleConfig": { }
					}
			}
		},
		"views": {},
		"sections": {}
	}
}