{
  "widgetId": "widget_x",
  "config": {
    "layouts": {
      "layout_11": {
        "type": "FIXED",
        "content": {
          "0": {
            "type": "WIDGET",
            "bbox": {
              "left": "0.00%",
              "top": "0.00%",
              "width": "37.7358%",
              "height": "133px",
              "right": "2.79%",
              "bottom": "0.00%"
            },
            "widgetId": "widget_5",
            "setting": {
              "lockParent": true,
              "vCenter": false,
              "hCenter": false,
              "autoProps": {
                "width": false,
                "height": true
              }
            },
            "isPending": false
          },
          "1": {
            "type": "WIDGET",
            "bbox": {
              "left": "40.0%",
              "top": "7.7%",
              "width": "181px",
              "height": "26.2%",
              "right": "3.2%",
              "bottom": "66.1%"
            },
            "widgetId": "widget_6",
            "setting": {
              "lockParent": true,
              "autoProps": {
                "width": true,
                "right": false,
                "left": true,
                "top": false,
                "bottom": true
              },
              "vCenter": false,
              "hCenter": false
            },
            "isPending": false
          },
          "2": {
            "type": "WIDGET",
            "bbox": {
              "left": "40.7%",
              "top": "29.3%",
              "width": "178px",
              "height": "84px",
              "right": "3.3%",
              "bottom": "17.8%"
            },
            "widgetId": "widget_7",
            "setting": {
              "lockParent": true,
              "hCenter": false,
              "vCenter": false,
              "autoProps": {
                "width": true,
                "height": true,
                "right": false,
                "bottom": false,
                "left": true,
                "top": true
              },
              "order": 0,
              "lockLayout": false
            },
            "isPending": false
          },
          "3": {
            "type": "WIDGET",
            "bbox": {
              "left": "76.1%",
              "right": "5.0%",
              "top": "78.5%",
              "bottom": "5.1%",
              "width": "60px",
              "height": "26px"
            },
            "widgetId": "widget_8",
            "setting": {
              "lockParent": true,
              "autoProps": {
                "right": false,
                "left": true,
                "top": true,
                "bottom": false
              },
              "vCenter": false,
              "hCenter": false
            },
            "isPending": false
          }
        },
        "order": [
          "0",
          "1",
          "2",
          "3"
        ],
        "label": "Regular"
      }
    },
    "widgets": {
      "widget_x": {
        "uri": "widgets/common/list/",
        "config": {
          "maxItems": 100,
          "space": 10,
          "verticalSpace": 10,
          "horizontalSpace": 10,
          "layoutType": "GRID",
          "gridAlignment": "center",
          "itemsPerPage": 10,
          "isItemStyleConfirm": false,
          "isInitialed": false,
          "pageStyle": "SCROLL",
          "itemStyle": "STYLE8",
          "hoverType": "HOVER0",
          "selectedStyle": "STYLE0",
          "differentOddEven": false,
          "scrollBarOpen": true,
          "direction": "VERTICAL",
          "alignType": "CENTER",
          "scrollStep": 2,
          "cardConfigs": {
            "REGULAR": {
              "cardSize": {
                "LARGE": {
                  "width": "50%",
                  "height": "160px"
                }
              },
              "enable": true,
              "backgroundStyle": {
                "border": {
                  "type": "solid",
                  "color": "var(--light-400)",
                  "width": "1px"
                }
              },
              "listLayout": "Custom"
            },
            "HOVER": {
              "cardSize": {
                "LARGE": {
                  "width": "50%",
                  "height": "160px"
                }
              },
              "enable": false,
              "backgroundStyle": {
                "border": {
                  "type": "solid",
                  "color": "var(--light-400)",
                  "width": "1px"
                }
              },
              "listLayout": "Auto"
            },
            "SELECTED": {
              "cardSize": {
                "LARGE": {
                  "width": "50%",
                  "height": "160px"
                }
              },
              "backgroundStyle": {
                "border": {
                  "type": "solid",
                  "color": "var(--primary-500)",
                  "width": "1px"
                }
              },
              "selectionMode": "SINGLE",
              "listLayout": "Auto"
            }
          },
          "style": {
            "id": "default"
          },
          "isCheckEmptyTemplate": false,
          "filters": null,
          "isShowAutoRefresh": false,
          "sqlExprObj": null,
          "sortFields": null
        },
        "layouts": {
          "REGULAR": {
            "LARGE": "layout_11"
          },
          "SELECTED": { },
          "HOVER": { }
        },
        "outputDataSources": [ ]
      },
      "widget_5": {
        "uri": "widgets/common/image/",
        "config": {
          "functionConfig": {
            "altText": "",
            "toolTip": "",
            "linkParam": { },
            "scale": "Fit",
            "imageParam": { }
          },
          "styleConfig": { }
        }
      },
      "widget_6": {
        "uri": "widgets/common/text/",
        "config": {
          "text": "",
          "placeholder": "<h5><span style=\"font-size: 15px;color: var(--dark-800);\">${textPlaceholder}</span></h5>",
          "style": {
            "verticalAlign": "start",
            "wrap": true,
            "overflow": "scroll",
            "padding": "p-1"
          }
        }
      },
      "widget_7": {
        "uri": "widgets/common/text/",
        "config": {
          "text": "",
          "placeholder": "<p ><span style=\"font-size: 13px;color: var(--dark-800);\">${contentTextPlaceholder}</span></p>",
          "style": {
            "verticalAlign": "start",
            "wrap": true,
            "overflow": "scroll",
            "padding": "p-1"
          }
        }
      },
      "widget_8": {
        "uri": "widgets/common/button/",
        "config": {
          "functionConfig": { },
          "styleConfig": {
            "themeStyle": {
              "quickStyleType": "primary"
            },
            "useCustom": false,
            "customStyle": {
              "regular": {
                "iconProps": {
                  "color": "#fff",
                  "size": 14
                }
              },
              "hover": {
                "iconProps": {
                  "size": 14
                }
              }
            }
          }
        }
      }
    },
    "views": { },
    "sections": { }
  }
}