{
  "widgetId": "widget_x",
  "config": {
    "layouts": {
      "layout_4": {
        "type": "FIXED",
        "content": {
          "0": {
            "type": "WIDGET",
            "bbox": {
              "top": "14.65%",
              "width": "96px",
              "height": "96px",
              "left": "50%"
            },
            "widgetId": "widget_2",
            "setting": {
              "lockParent": true,
              "vCenter": false,
              "hCenter": true,
              "widthMode": "ratio",
              "aspectRatio": 1,
              "autoProps": {
                "left": false,
                "right": true
              }
            },
            "isPending": false
          },
          "2": {
            "type": "WIDGET",
            "bbox": {
              "left": "14.65%",
              "top": "175px",
              "width": "158px",
              "height": "10.99%",
              "right": "14.65%",
              "bottom": "8.79%"
            },
            "widgetId": "widget_3",
            "setting": {
              "lockParent": true,
              "vCenter": false,
              "hCenter": false,
              "autoProps": {
                "width": true,
                "top": true
              }
            },
            "isPending": false
          },
          "3": {
            "type": "WIDGET",
            "bbox": {
              "left": "7.58%",
              "top": "53.11%",
              "width": "154px",
              "height": "50px",
              "right": "7.58%",
              "bottom": "25.64%"
            },
            "widgetId": "widget_4",
            "setting": {
              "lockParent": true,
              "autoProps": {
                "width": true,
                "height": true
              },
              "vCenter": false
            }
          }
        },
        "order": [
          "0",
          "2",
          "3"
        ],
        "label": "Regular"
      }
    },
    "widgets": {
      "widget_x": {
        "config": {
          "maxItems": 100,
          "space": 10,
          "verticalSpace": 10,
					"horizontalSpace": 10,
          "itemsPerPage": 10,
          "isItemStyleConfirm": false,
          "isInitialed": false,
          "pageStyle": "SCROLL",
          "itemStyle": "STYLE0",
          "hoverType": "HOVER0",
          "selectedStyle": "STYLE0",
          "differentOddEven": false,
          "scrollBarOpen": true,
          "direction": "HORIZON",
          "layoutType": "COLUMN",
          "alignType": "CENTER",
          "scrollStep": 2,
          "cardConfigs": {
            "REGULAR": {
              "cardSize": {
                "LARGE": {
                  "width": 200,
                  "height": 275
                }
              },
              "enable": true,
              "backgroundStyle": {
                "border": {
                  "type": "solid",
                  "color": "var(--light-400)",
                  "width": "1px"
                }
              },
              "listLayout": "Custom"
            },
            "HOVER": {
              "cardSize": {
                "LARGE": {
                  "width": 200,
                  "height": 275
                }
              },
              "enable": false,
              "backgroundStyle": {
                "border": {
                  "type": "solid",
                  "color": "var(--light-400)",
                  "width": "1px"
                }
              },
              "listLayout": "Auto"
            },
            "SELECTED": {
              "cardSize": {
                "LARGE": {
                  "width": 200,
                  "height": 275
                }
              },
              "backgroundStyle": {
                "border": {
                  "type": "solid",
                  "color": "var(--primary-500)",
                  "width": "1px"
                }
              },
              "selectionMode": "SINGLE",
              "listLayout": "Auto"
            }
          },
          "style": {
            "id": "default"
          },
          "filters": null,
          "sqlExprObj": null,
          "sortFields": null
        },
        "layouts": {
          "REGULAR": {
            "LARGE": "layout_4"
          }
        }
      },
      "widget_2": {
        "uri": "widgets/common/image/",
        "config": {
          "functionConfig": {
            "altText": "",
            "toolTip": "",
            "linkParam": {},
            "scale": "Fit",
            "imageParam": {
              "cropParam": {
                "cropShape": "circle",
                "svgPath": "M28 14c0 7.732-6.268 14-14 14S0 21.732 0 14 6.268 0 14 0s14 6.268 14 14z",
                "svgViewBox": "0 0 28 28"
              }
            }
          },
          "styleConfig": {}
        }
      },
      "widget_3": {
        "uri": "widgets/common/button/",
        "config": {
          "functionConfig": {
            "text": "${buttonText}",
            "toolTip": "",
            "linkParam": {}
          },
          "styleConfig": {
            "name": "Default",
            "themeStyle": {},
            "customStyle": {
              "regular": {},
              "hover": {},
              "clicked": {}
            }
          }
        }
      },
      "widget_4": {
        "uri": "widgets/common/text/",
        "config": {
          "text": "",
          "placeholder": "<p style=\"text-align: center;\"><span style=\"font-size: 16px;color: var(--dark-800);\">${textPlaceholder}</span></p>",
          "style": {
            "verticalAlign": "start",
            "wrap": true
          }
        }
      }
    },
    "views": {},
    "sections": {}
  }
}