{
  "widgetId": "widget_x",
  "config": {
    "layouts": {
      "layout_17": {
        "type": "FIXED",
        "content": {
          "0": {
            "type": "WIDGET",
            "bbox": {
              "left": "0.0%",
              "top": "0.0%",
              "width": "100.0%",
              "height": "198px",
              "right": "-0.0%",
              "bottom": "0.0%"
            },
            "widgetId": "widget_17",
            "setting": {
              "lockParent": true,
              "vCenter": false,
              "hCenter": false,
              "autoProps": {
                "width": false,
                "height": true,
                "right": false,
                "left": true,
                "top": true,
                "bottom": false
              }
            },
            "isPending": false
          },
          "1": {
            "type": "WIDGET",
            "bbox": {
              "left": "3.2%",
              "top": "75.6%",
              "width": "183px",
              "height": "17.5%",
              "right": "4.5%",
              "bottom": "14px"
            },
            "widgetId": "widget_18",
            "setting": {
              "lockParent": true,
              "autoProps": {
                "width": true,
                "left": false,
                "right": true,
                "top": true,
                "bottom": false
              },
              "vCenter": false,
              "hCenter": false
            },
            "isPending": false
          }
        },
        "order": [
          "0",
          "1"
        ],
        "label": "Regular"
      }
    },
    "widgets": {
      "widget_x": {
        "uri": "widgets/common/list/",
        "config": {
          "maxItems": 100,
          "space": 10,
          "verticalSpace": 10,
          "horizontalSpace": 10,
          "layoutType": "GRID",
          "gridAlignment": "center",
          "itemsPerPage": 10,
          "isItemStyleConfirm": false,
          "isInitialed": false,
          "pageStyle": "SCROLL",
          "itemStyle": "STYLE9",
          "hoverType": "HOVER0",
          "selectedStyle": "STYLE0",
          "differentOddEven": false,
          "scrollBarOpen": true,
          "direction": "VERTICAL",
          "alignType": "CENTER",
          "scrollStep": 2,
          "cardConfigs": {
            "REGULAR": {
              "cardSize": {
                "LARGE": {
                  "width": "33%",
                  "height": "160px"
                }
              },
              "enable": true,
              "backgroundStyle": {
                "border": {
                  "type": "solid",
                  "color": "var(--light-400)",
                  "width": "1px"
                }
              },
              "listLayout": "Custom"
            },
            "HOVER": {
              "cardSize": {
                "LARGE": {
                  "width": "48.2%",
                  "height": "200px"
                }
              },
              "enable": false,
              "backgroundStyle": {
                "border": {
                  "type": "solid",
                  "color": "var(--light-400)",
                  "width": "1px"
                }
              },
              "listLayout": "Auto"
            },
            "SELECTED": {
              "cardSize": {
                "LARGE": {
                  "width": "48.2%",
                  "height": "200px"
                }
              },
              "backgroundStyle": {
                "border": {
                  "type": "solid",
                  "color": "var(--primary-500)",
                  "width": "1px"
                }
              },
              "selectionMode": "SINGLE",
              "listLayout": "Auto"
            }
          },
          "style": {
            "id": "default"
          },
          "isCheckEmptyTemplate": false,
          "filters": null,
          "isShowAutoRefresh": false,
          "sqlExprObj": null,
          "sortFields": null
        },
        "layouts": {
          "REGULAR": {
            "LARGE": "layout_17"
          },
          "SELECTED": { },
          "HOVER": { }
        },
        "outputDataSources": [ ]
      },
      "widget_17": {
        "uri": "widgets/common/image/",
        "config": {
          "functionConfig": {
            "altText": "",
            "toolTip": "",
            "linkParam": { },
            "scale": "Fit",
            "imageParam": { }
          },
          "styleConfig": { }
        }
      },
      "widget_18": {
        "uri": "widgets/common/text/",
        "config": {
          "text": "",
          "placeholder": "<h5><span style=\"font-size: 15px;color: var(--dark-800);\">${textPlaceholder}</span></h5>",
          "style": {
            "verticalAlign": "start",
            "wrap": true,
            "overflow": "scroll",
            "padding": "p-1"
          }
        }
      }
    },
    "views": { },
    "sections": { }
  }
}